count,insert_ms,remove_ms,union_ms,intersect_ms,difference_ms
100,1.8867,0.47390000000000004,1.6313,0.2173,0.41859999999999997
200,0.7423,0.9085,1.2217,0.46890000000000004,0.8402999999999999
300,2.2230000000000003,1.4549999999999998,2.7098,1.0382,2.2357
400,6.199,2.6562,4.2461,1.4346999999999999,2.3222
500,2.6357,2.7407999999999997,5.2492,1.8168,4.9974
600,3.2594999999999996,3.3836,6.5047999999999995,2.2948999999999997,4.3616
700,3.6901,3.8974,7.3172999999999995,2.6649,7.1331
800,4.4733,4.2928999999999995,9.700500000000002,3.1551,5.7354
900,5.3934,5.0242,10.822099999999999,3.8471,7.0496
1000,6.0435,6.368399999999999,11.9438,4.792,8.4347
1100,7.3306,6.9485,12.962100000000001,4.9896,8.5047
1200,6.9727,7.4875,13.7332,6.5394,11.1277
1300,7.964799999999999,7.853300000000001,22.476,6.2614,11.2567
1400,11.2148,8.950899999999999,19.912,6.7297,11.0723
1500,9.171199999999999,21.8431,35.1882,9.3779,17.744
1600,10.2493,12.764899999999999,31.6619,7.5502,13.8906
1700,11.598799999999999,21.5063,28.0153,14.385800000000001,14.377799999999999
1800,16.957,14.8587,40.965799999999994,13.9305,26.6356
1900,12.0081,16.3336,35.6806,24.7929,39.8739
2000,22.9153,30.8888,37.7181,12.4888,35.3023
2100,15.2944,15.4167,33.2807,10.533199999999999,18.6407
2200,15.004999999999999,20.9025,46.8047,21.6848,38.0855
2300,21.4347,24.205399999999997,41.4771,12.3499,29.744
2400,18.5503,20.7777,48.4985,12.2925,29.3489
2500,26.5255,18.866999999999997,53.5544,32.7404,35.9858
2600,23.7318,22.5448,55.8827,15.4093,27.779600000000002
2700,19.2132,22.817500000000003,45.0404,23.737000000000002,40.167500000000004
2800,19.4875,26.1727,62.3005,16.6363,26.6907
2900,26.6944,26.8036,62.61849999999999,22.093700000000002,39.459
3000,23.409599999999998,25.7146,52.3218,17.7911,36.9174
3100,24.302,24.761200000000002,52.852700000000006,18.399700000000003,29.3921
3200,28.2064,27.150000000000002,52.4747,18.7683,31.924
3300,23.8761,29.0288,64.2248,21.1919,40.6595
3400,30.158,29.6974,61.6967,21.221500000000002,40.664699999999996
3500,29.8211,34.9256,72.77980000000001,22.789,37.941700000000004
3600,31.0635,30.6132,66.318,32.6144,38.4396
3700,32.8651,33.3358,66.5308,25.1378,40.422399999999996
3800,28.680400000000002,30.4105,71.9678,42.220800000000004,45.8467
3900,32.380199999999995,46.7513,76.13250000000001,29.105800000000002,52.2874
4000,37.5702,43.5338,76.87049999999999,29.1339,49.5122
4100,37.8613,39.0362,76.7306,35.432900000000004,43.2481
4200,40.2733,45.9589,80.1196,31.315500000000004,43.7771
4300,39.402300000000004,40.428,83.6006,29.7972,51.170100000000005
4400,46.193999999999996,40.8662,98.8011,31.090799999999998,57.387
4500,36.672700000000006,51.301100000000005,87.1236,31.187900000000003,53.4803
4600,37.9209,40.134299999999996,80.7741,31.716099999999997,55.5341
4700,36.2446,42.8416,74.9494,31.897599999999997,50.7477
4800,36.566500000000005,41.2708,88.91369999999999,59.3101,55.4357
4900,40.4165,45.2306,85.7103,33.6417,52.7193
5000,39.1451,42.1004,93.99780000000001,40.9143,61.7201
5100,40.8259,49.4153,97.0933,43.0793,67.6456
5200,49.1392,50.734300000000005,120.25750000000001,41.7339,78.9348
5300,47.798500000000004,50.464299999999994,115.9931,50.665,58.848
5400,41.1228,49.2146,104.8258,41.821,61.676899999999996
5500,44.5194,54.2121,108.31920000000001,40.874300000000005,62.42
5600,44.125,51.920300000000005,96.5249,43.874900000000004,65.0166
5700,43.5906,49.9253,109.8745,43.1128,74.0033
5800,46.4431,52.8384,108.2725,44.466100000000004,62.618300000000005
5900,45.9769,54.8388,105.116,53.0478,83.44
6000,55.4322,66.4723,116.4755,59.039300000000004,77.7008
6100,48.3073,55.279300000000006,106.31259999999999,45.2154,70.97879999999999
6200,49.7931,54.8314,113.1942,56.7697,83.48079999999999
6300,71.9787,64.743,116.52170000000001,62.2645,89.482
6400,95.6194,86.0254,190.1811,84.414,124.4357
6500,94.906,99.6457,219.89020000000002,91.8695,92.7987
6600,77.1023,71.1157,157.5865,78.3978,84.7089
6700,66.7019,71.923,165.89090000000002,80.0246,116.5136
6800,79.11500000000001,73.2554,148.2854,60.4404,99.76790000000001
6900,70.7696,81.322,162.9865,70.6339,101.3732
7000,65.6601,79.22840000000001,159.90560000000002,62.0323,99.5518
7100,73.5497,92.70230000000001,169.95409999999998,92.23620000000001,93.45230000000001
7200,82.5886,83.5393,151.4211,68.29499999999999,92.03490000000001
7300,66.1669,82.7571,147.7408,69.3218,96.58609999999999
7400,79.4129,84.4246,172.1938,75.8279,119.7984
7500,65.2942,76.3775,153.62380000000002,70.1639,93.9085
7600,65.86500000000001,77.4794,150.12030000000001,66.12859999999999,102.83449999999999
7700,75.6029,86.4117,170.7,69.4333,118.133
7800,75.14800000000001,94.54759999999999,169.3925,71.1126,108.3257
7900,71.8056,100.4573,157.4934,70.5293,106.93220000000001
8000,75.81190000000001,83.5323,165.9013,72.07990000000001,112.2535
8100,72.2819,81.12270000000001,161.78480000000002,74.4796,113.9419
8200,79.75880000000001,83.6836,163.3631,78.0087,108.7238
8300,76.5408,93.4488,188.4912,92.90039999999999,122.0565
8400,73.802,85.312,173.5613,76.29560000000001,110.2992
8500,75.4236,91.04769999999999,181.8246,128.22469999999998,149.9963
8600,90.2121,98.2893,198.6194,120.6415,146.8329
8700,108.9165,106.0676,219.6036,104.5686,124.3559
8800,85.51169999999999,93.901,208.1104,94.49119999999999,122.4744
8900,88.2564,97.98859999999999,209.3691,97.9032,131.101
9000,87.0531,110.1999,221.60930000000002,102.1648,128.35170000000002
9100,86.48060000000001,110.0375,203.8453,91.534,142.4965
9200,85.8465,99.0472,212.5063,92.0988,143.66819999999998
9300,95.5742,106.9452,201.882,95.58999999999999,138.22
9400,88.3394,105.45530000000001,251.05640000000002,103.864,139.887
9500,115.941,109.8779,240.1705,125.9047,135.5131
9600,88.0146,100.7034,202.57639999999998,106.6133,157.9204
9700,110.0415,106.97370000000001,217.2888,101.8313,143.8499
9800,105.78559999999999,148.87980000000002,236.6577,126.2237,167.2121
9900,108.19139999999999,139.133,223.8222,105.08380000000001,173.133
10000,116.8691,127.28890000000001,238.97209999999998,104.0218,150.3503
10100,100.6166,112.04809999999999,221.457,135.40789999999998,186.9663
10200,112.4645,123.0436,251.6234,108.40310000000001,144.965
10300,106.1062,125.66,243.4735,111.7281,150.2961
10400,102.2292,122.15719999999999,233.6461,112.2252,160.655
10500,104.1345,119.69829999999999,232.6446,108.8133,157.5356
10600,117.4221,125.59880000000001,238.184,117.43130000000001,164.6054
10700,103.9347,116.93860000000001,257.824,122.6276,176.4808
10800,105.6855,130.45979999999997,260.56940000000003,120.1769,158.2962
10900,116.7299,129.8544,260.1108,114.8084,183.6515
11000,134.0506,174.0524,250.1751,149.6739,183.684
11100,121.4536,124.19669999999999,289.7387,133.3658,188.55610000000001
11200,112.4338,126.37419999999999,237.44819999999999,127.5279,161.47039999999998
11300,113.0967,124.5961,276.8972,122.4328,174.75650000000002
11400,120.0702,138.5168,264.4239,126.4644,172.6598
11500,116.5014,132.8163,262.7448,130.796,175.13400000000001
11600,117.7104,137.3938,274.2458,138.75119999999998,193.7745
11700,124.9008,137.08339999999998,296.3845,153.82750000000001,207.92430000000002
11800,141.5938,144.1784,266.43080000000003,133.8585,178.7956
11900,120.86919999999999,141.59939999999997,277.8307,137.2929,181.803
12000,128.85399999999998,144.3762,325.8603,161.84570000000002,222.7974
12100,142.1567,166.4632,299.0446,139.1148,202.43890000000002
12200,132.7294,143.91580000000002,271.5381,160.5721,185.7687
12300,144.3469,167.0613,331.7226,157.8545,223.3274
12400,145.09040000000002,160.05159999999998,330.456,158.1036,214.8183
12500,154.1403,169.10500000000002,333.2401,157.4606,232.892
12600,148.9281,168.9427,368.44100000000003,234.30200000000002,354.0609
12700,239.73149999999998,199.2208,367.72729999999996,175.8652,257.7965
12800,191.7311,178.54700000000003,359.0694,184.07850000000002,229.48170000000002
12900,154.5473,185.44050000000001,381.7833,172.7947,275.0949
13000,150.2255,173.1444,348.335,199.07659999999998,241.209
13100,161.363,161.6935,330.1424,161.9276,239.3592
13200,153.10750000000002,188.3512,383.5571,186.7258,244.0152
13300,176.0464,169.0043,443.338,276.66220000000004,301.16130000000004
13400,171.2101,232.7361,391.9827,203.28889999999998,311.5306
13500,179.13889999999998,205.1739,383.2212,192.7236,263.5553
13600,172.224,226.2228,370.416,165.1924,250.76890000000003
13700,162.6897,200.4822,393.69300000000004,184.7962,248.7621
13800,152.32840000000002,166.73,369.79,174.7848,268.478
13900,170.0585,195.7832,395.9246,192.07160000000002,233.8553
14000,166.6395,185.8242,344.085,174.4187,263.0593
14100,170.88320000000002,178.7535,513.2900000000001,307.9558,344.95779999999996
14200,169.4947,209.04039999999998,425.7037,237.9728,264.8355
14300,176.06550000000001,194.5436,411.0351,190.7518,270.0618
14400,157.0182,235.1185,380.4023,204.3992,261.8815
14500,164.4589,217.76090000000002,414.9813,183.74370000000002,271.80530000000005
14600,158.36079999999998,197.9623,374.9327,185.5464,260.2324
14700,170.5327,187.2195,393.4552,188.1221,257.3363
14800,167.7351,200.82569999999998,380.149,215.7617,262.3062
14900,166.8703,187.07150000000001,427.1961,198.4012,248.9681
15000,193.2598,215.8769,473.0098,212.5689,341.1379
15100,185.80659999999997,213.0196,402.16659999999996,210.11440000000002,280.9313
15200,168.9899,235.72899999999998,428.80620000000005,200.1885,279.6278
15300,187.8774,240.5862,415.9154,213.798,290.8797
15400,203.2526,220.1175,408.0031,216.9562,297.05949999999996
15500,183.7411,210.5207,419.619,210.18880000000001,282.46369999999996
15600,189.5712,211.0394,491.47229999999996,348.5501,301.3227
15700,193.8047,196.27439999999999,581.8362999999999,278.94590000000005,352.9895
15800,203.0116,213.3941,458.1085,255.5004,357.2445
15900,209.86769999999999,225.0433,450.023,281.89140000000003,308.7108
16000,213.2182,242.1499,459.1692,215.4875,353.7025
16100,198.206,216.6759,473.08299999999997,237.2493,305.3513
16200,205.18900000000002,237.9987,496.0453,211.364,288.9093
16300,197.1094,221.6139,452.88050000000004,220.48329999999999,311.0377
16400,206.10580000000002,204.23559999999998,445.97720000000004,223.9342,322.2441
16500,199.898,300.5237,545.8058,283.0193,428.8691
16600,218.2363,309.44899999999996,532.6592,246.28920000000002,343.0508
16700,245.0129,262.822,545.2288,269.1236,357.3755
16800,219.56459999999998,265.9874,507.7516,279.7869,361.50149999999996
16900,303.7359,279.6858,570.0432,307.4957,348.49989999999997
17000,272.7111,263.14029999999997,483.9649,264.05859999999996,335.18199999999996
17100,255.4844,257.1084,476.2104,252.40839999999997,348.025
17200,219.3043,334.0397,511.6557,258.3836,409.8736
17300,238.0501,272.2133,498.2031,271.0251,330.8822
17400,230.12079999999997,251.01630000000003,494.952,332.1836,381.24039999999997
17500,220.1835,245.9923,544.7155,304.02610000000004,432.8267
17600,223.497,294.1911,551.9975000000001,268.9782,336.31129999999996
17700,238.84140000000002,243.1578,498.0235,266.4771,372.41
17800,244.7243,248.0717,491.5919,261.2709,350.4265
17900,229.8627,297.7086,512.6258,306.0242,377.5227
18000,227.1289,256.0428,489.0914,257.66830000000004,350.4484
18100,220.7682,278.3736,528.3757999999999,290.93010000000004,387.44079999999997
18200,264.0014,281.1872,486.3973,278.4062,355.9637
18300,224.619,260.1826,605.1744,283.2939,370.4201
18400,245.8747,268.8247,557.3036999999999,319.7772,391.40930000000003
18500,220.5619,267.4686,561.9406,295.7996,368.2595
18600,261.2047,267.2709,580.0655,291.9799,425.3073
18700,252.77729999999997,309.78650000000005,815.3224,313.23240000000004,478.783
18800,262.9925,303.8743,768.9762,329.40029999999996,407.8836
18900,273.73170000000005,282.5947,638.7778,310.30150000000003,391.7601
19000,273.4343,310.3972,572.7719999999999,314.03340000000003,457.1054
19100,291.1127,299.8408,585.2022000000001,326.654,467.25260000000003
19200,289.9176,322.7182,558.9279,292.7871,375.4052
19300,270.1655,307.3317,547.2879,306.5278,387.50210000000004
19400,263.1701,273.46959999999996,639.3103,383.7373,554.6263
19500,290.49580000000003,304.394,669.5733,357.4753,419.9817
19600,254.55309999999997,353.4313,720.7692,360.13489999999996,463.8246
19700,267.23789999999997,371.0913,698.4291000000001,384.45439999999996,468.3743
19800,279.3363,333.0908,621.0466,365.6625,469.46880000000004
19900,335.8388,315.3012,767.9972,448.2865,400.4877
20000,284.81919999999997,296.9529,667.0819,332.3974,426.60569999999996
20100,263.2014,289.8005,613.0147000000001,347.697,428.7314
20200,336.5166,314.8011,656.5634,379.3036,498.2734
20300,285.7879,316.4288,627.5127,335.9224,455.5413
20400,306.7917,295.5347,637.2244000000001,332.82640000000004,417.5967
20500,259.59369999999996,302.5244,640.5558,337.05800000000005,414.5655
20600,270.8787,302.02570000000003,616.7177,376.11080000000004,444.9171
20700,301.5682,322.1615,629.5306,336.0184,436.193
20800,290.33759999999995,299.6415,576.4028,332.0994,435.6583
20900,273.2766,333.7081,695.3987000000001,358.12519999999995,470.0333
21000,300.96270000000004,318.2577,660.6512,350.4975,455.3901
21100,293.46270000000004,325.2892,616.9448,384.9086,488.87190000000004
21200,318.6782,338.3913,955.0255,381.57809999999995,565.2534999999999
21300,355.8387,372.1488,741.0818999999999,376.9998,499.0698
21400,289.9234,366.4074,692.4536999999999,356.5261,442.7105
21500,273.6887,310.3518,652.4996,349.33750000000003,450.98
21600,281.2096,313.99739999999997,686.2034,345.8856,446.0012
21700,291.04380000000003,323.5638,672.8583,386.46160000000003,460.2457
21800,304.33480000000003,331.0147,766.4846,402.90959999999995,581.2174
21900,301.086,348.2119,703.1161999999999,355.3177,500.19849999999997
22000,293.6414,353.17490000000004,656.5396999999999,359.9972,472.4004
22100,279.47470000000004,312.3842,823.2728000000001,438.5362,513.4969
22200,300.2158,347.0708,879.5149,394.5516,569.447
22300,380.37100000000004,384.1404,965.2412,665.1093999999999,875.5011999999999
22400,525.2280999999999,462.1627,920.7046,409.3969,547.9001
22500,326.12980000000005,370.8455,652.9314,390.3091,501.3704
22600,330.98519999999996,369.07079999999996,786.574,396.9145,508.0489
22700,312.9461,356.6533,734.2408,378.0948,548.4841
22800,343.2696,442.7072,813.706,464.763,587.4101
22900,379.6488,396.10990000000004,802.1354,427.8508,519.5985
23000,334.6354,357.6968,708.2064,430.7597,540.3027000000001
23100,357.6669,379.6022,776.9293,413.0952,512.4284
23200,339.313,477.0835,862.3729,505.74920000000003,545.7754
23300,356.2623,598.7316000000001,808.49,392.1633,506.19040000000007
23400,311.4552,365.2951,752.1891,405.33770000000004,523.731
23500,333.28970000000004,374.5274,740.3824,447.4316,534.0058
23600,343.4938,391.512,1116.7426,614.5175,615.3225
23700,340.1614,383.68370000000004,992.1122,487.3575,517.4812
23800,328.8392,463.27049999999997,974.1632999999999,619.9538,649.5819
23900,484.40450000000004,491.5989,973.8681,518.6608,690.8175
24000,454.6601,569.318,1019.3080000000001,486.2284,697.4451
24100,496.1544,426.9218,762.4273000000001,474.5077,551.6565
24200,361.3815,562.3223,1166.2255,612.4564,639.9639000000001
24300,345.6614,379.2378,834.9896,481.58729999999997,571.9988000000001
24400,341.3356,412.5277,967.5734,492.4486,537.0167
24500,332.7226,365.00129999999996,1053.8468,511.3179,727.8987999999999
24600,454.6059,435.3506,843.0344,485.2078,653.3189
24700,398.82030000000003,379.8319,875.0844,543.0871999999999,664.8893
24800,433.7471,581.6904000000001,800.4393,452.5717,654.1614
24900,443.7603,444.0791,847.3178,461.46540000000005,619.6751
25000,379.50169999999997,428.5912,934.487,469.6012,639.3277
25100,385.5599,495.24580000000003,921.7113,474.3771,623.5512
25200,397.8736,478.8753,911.7547999999999,435.8988,569.5491999999999
25300,402.51439999999997,421.8758,828.9250999999999,464.3082,592.7267
25400,382.1115,416.7401,840.4627,525.6623000000001,558.7003000000001
25500,360.6341,471.9923,912.9113,510.03849999999994,612.4288
25600,400.4915,457.558,930.3419,515.735,618.2214
25700,424.95169999999996,427.8149,874.8213000000001,505.71500000000003,561.4389
25800,389.0094,441.9416,878.6096,545.0767,703.1737
25900,382.7284,443.1889,962.4619,494.8895,602.5548
26000,399.06199999999995,429.1425,880.2900999999999,495.75079999999997,594.2564
26100,383.9351,438.0424,1064.0825,542.7094,628.0192
26200,374.0311,443.71709999999996,861.1863,482.572,605.8445999999999
26300,384.9318,438.5793,891.3413999999999,485.74620000000004,603.4453
26400,384.9316,431.49379999999996,872.9607000000001,471.2017,706.3103
26500,449.3782,453.5371,962.5637,559.0446999999999,597.4472
26600,379.4946,450.12629999999996,927.4603,522.1167,623.9962
26700,393.16790000000003,437.1315,938.6997,494.4466,594.6388000000001
26800,394.9327,496.985,1012.011,509.19519999999994,674.9100999999999
26900,454.1171,465.6518,970.4345,561.036,635.2014
27000,457.90540000000004,496.8381,884.6305,486.2067,640.7707
27100,384.94939999999997,450.0628,942.5431,502.4612000000001,643.2166
27200,404.9986,465.5172,984.8257,529.5193,636.5346
27300,439.59189999999995,564.4725000000001,1022.3275999999998,503.2025,639.9204
27400,439.65900000000005,475.6146,915.9368,569.7242,638.1284
27500,443.52599999999995,538.9715,1067.9927,618.4043,764.1463
27600,481.6437,530.2035000000001,1220.6779000000001,707.893,875.7533
27700,567.0568000000001,598.1418,1013.7501,595.7529999999999,812.917
27800,462.959,513.4931,971.3925,566.6216,682.1669
27900,414.5958,467.063,988.5494,552.4091,644.4490000000001
28000,437.8035,488.7571,1008.272,587.2958,627.3847000000001
28100,428.37669999999997,485.2392,949.1789,553.6808,756.2765999999999
28200,486.807,480.24899999999997,1042.7843,689.6320999999999,694.5072
28300,443.3062,492.7289,1481.4745999999998,668.3111,777.443
28400,543.4412,756.1054,1001.7646,543.9642,700.9403
28500,414.6578,481.069,1109.8917999999999,603.0654,798.8979
28600,581.2248,551.2127999999999,1217.547,592.6274000000001,813.3552
28700,442.2083,490.4853,1027.3522,589.6432,716.7211
28800,477.44710000000003,529.3656,1109.4288999999999,609.9675,759.5934
28900,453.3586,573.8050000000001,1065.5121000000001,658.145,783.303
29000,456.4302,595.5566,1075.9664,711.8527,715.9234
29100,473.3155,536.3856000000001,1020.3977,601.7189,846.0953
29200,525.1105,531.9982,1069.2973000000002,587.0056000000001,710.0592999999999
29300,450.6855,506.76869999999997,1062.5423999999998,651.3824000000001,785.5055
29400,522.4288,584.6173,1418.8726000000001,707.3289000000001,856.8931
29500,535.5957999999999,682.6518,1055.2095,591.9891,764.1415000000001
29600,489.5544,546.6844,1033.2929,639.0322000000001,785.4082
29700,507.0593,526.4664,1160.1796,637.4442,734.7525
29800,488.0029,529.3983,1218.2971,625.6985999999999,830.5959
29900,501.4588,601.7994,1320.0687,698.0254,796.7348
30000,563.1492999999999,605.6871,1320.9195,687.8373,802.8746
30100,510.0751,709.9216,1125.3808000000001,599.5409000000001,799.3481
30200,544.7006,613.6475,1314.3002,767.8015,922.6247
30300,488.3202,600.7295,1143.2715,732.0786,898.5418
30400,500.98050000000006,635.1801,5289.2287,3190.1517,3743.2081999999996
30500,2462.9248000000002,2682.5968,5734.8198999999995,3146.2804,3862.3489
30600,2586.7651,2561.4337,5699.4652,3238.0434,4027.1913
30700,2541.3351,2518.8574,5160.3267,3194.1415,1641.9811
30800,510.0928,610.1959999999999,1237.1943999999999,640.3006,768.6224000000001
30900,490.4741,555.4592,1215.6773,697.8832,834.9771000000001
31000,513.9788,555.3204000000001,1263.1678,1009.7418,957.5784000000001
31100,496.0299,540.5788,1298.6548,850.9261,1022.9869
31200,601.7219,639.2948,1383.2928,697.2842,1096.3761000000002
31300,489.7126,590.237,1283.8017,776.38,993.8443
31400,544.3466,599.7127,1224.1643,778.2511,835.84
31500,527.8389999999999,592.679,1296.1994,808.4802,922.5352
31600,691.2463,584.3333,1273.3445,688.1591000000001,784.4059
31700,507.45799999999997,554.4294,1211.8796,659.0989000000001,864.0363
31800,544.4225,627.6775,1155.6715,669.3421000000001,829.9966
31900,508.50169999999997,562.2568,1184.9512,756.4543,832.7706000000001
32000,530.9017,630.2817,1234.2221,723.5357,947.3944
32100,550.4207,624.737,1264.1472,661.9547,840.1042
32200,510.1972,562.6201,1216.7166,655.7492000000001,761.131
32300,566.6173,640.8512,1495.6222,783.7219,836.8955
32400,545.0657,588.3474,1304.6151,645.8906,804.4171
32500,529.9105,583.7152,1266.7592000000002,668.867,827.0385
32600,596.6451000000001,614.7289000000001,1209.7384,752.9382999999999,967.8101
32700,574.246,698.9206,1274.45,652.5984,829.8803
32800,515.561,561.1711,1381.4896999999999,727.2731,829.3218999999999
32900,520.4145,663.1471,1613.5297,950.9870999999999,1141.582
33000,586.6624,767.9922,1303.6517000000001,682.5717999999999,798.6197999999999
33100,551.0908,610.906,1242.3302999999999,761.1841000000001,893.2181999999999
33200,536.6556,637.6458,1474.3457,777.5285,824.591
33300,556.7965,627.1048999999999,1251.7315,740.9757999999999,831.6461
33400,554.1673999999999,594.503,1236.4601,691.645,975.0691
33500,735.2003000000001,789.8353,1586.4294,894.9145,870.232
33600,554.1973,617.0597,1256.9324,704.5262,848.1029
33700,591.9822,733.2753,1613.1689000000001,917.2099999999999,963.9506
33800,607.9493,856.2235000000001,1472.0109,753.2086,1108.7884999999999
33900,645.6467,719.7109,1535.0229,866.3902,1048.3229999999999
34000,597.711,702.8113999999999,1394.4554,780.6461,921.4544999999999
34100,586.6765,719.1419999999999,1402.2350000000001,989.536,1035.4234
34200,596.7373,636.2197000000001,1327.8234,782.7131,943.8039
34300,569.6627,619.2415,1519.639,996.9966000000001,1234.2892000000002
34400,692.6527,755.4288,1313.2271,879.1750000000001,1018.2995999999999
34500,687.7259,774.3281,1430.9875000000002,782.6531,1047.1219999999998
34600,632.9676,685.9459,1526.8277,867.1691999999999,1089.631
34700,642.6813999999999,690.3127,1628.2646,892.0086,1095.4417
34800,656.0523000000001,660.6307,1411.8877,804.4761,981.657
34900,606.4791,737.8131999999999,1478.9041,935.3734999999999,1221.8884
35000,654.3229,750.4601,1699.3662,941.4262,1144.4046
35100,729.5886,2882.4395000000004,6511.2289,3790.8846,4517.3923
35200,3166.6863,3191.6297999999997,6953.4006,4036.7356,4805.2809
35300,3203.3353,3254.3606999999997,6793.2022,3985.1825,3560.7959
35400,630.225,762.0827999999999,1506.3869,767.52,1105.6721
35500,677.5747,758.3702,1568.0619,836.6510000000001,1107.2493000000002
35600,940.1852,1143.1932,1555.0538999999999,855.1761,1290.1977
35700,812.2570000000001,765.7522,1708.1581999999999,906.2373,1292.9088
35800,712.5397,738.5953,1740.9788,1163.9973000000002,1300.7221
35900,743.8169,752.2307999999999,1967.7757,893.4257,1375.1245000000001
36000,710.2244,899.4368000000001,1831.1841,925.7823,1245.4497
36100,802.4101,943.2610999999999,1872.1957,893.4242,994.9372
36200,713.3863,696.4325,1547.9718999999998,765.7304,1029.1336
36300,868.1016000000001,945.8832,1539.8365000000001,873.5702,1017.2783000000001
36400,671.8522,780.261,1767.0938,841.8122,1211.3050999999998
36500,763.9639000000001,720.9096000000001,1591.0313999999998,965.3895,1290.3427000000001
36600,677.7016,664.3565,1840.1960000000001,802.6332000000001,997.7768
36700,703.8224,824.6695000000001,1790.8586,874.607,1079.2686
36800,635.091,693.8950000000001,1627.2529,941.9826999999999,1053.4259
36900,630.0131,731.7972000000001,1495.7267000000002,895.5573999999999,1183.7188999999998
37000,733.8017,740.6481,1690.0107,912.6421,1087.3520999999998
37100,720.3485,809.9815,1580.4849000000002,1026.2179,1116.0789
37200,656.4448000000001,700.5428,1492.6902,839.955,1025.7504
37300,676.8181,824.6696999999999,3829.1282,1003.6571000000001,1231.363
37400,693.173,771.3288,1606.2797,873.7094,1037.9017
37500,675.4364,736.3764,1535.5259999999998,927.1085999999999,1068.8895
37600,736.6947,871.5169999999999,1660.7512,894.3533,1144.5727
37700,654.2326,761.067,1475.6079,896.5114,1082.8941
37800,653.731,706.0606,1689.6596000000002,963.3523,1146.8906000000002
37900,788.182,806.2603,1616.4008000000001,893.3784999999999,1104.8883
38000,690.4836,733.844,1718.5215,971.0413,1104.8102
38100,667.5287,725.9721999999999,1533.1825999999999,955.8444000000001,1170.3112
38200,679.2493,733.9010999999999,1576.4774,905.2736,1047.0194999999999
38300,699.6317,755.9479,1524.2450000000001,1041.0539999999999,1112.8020999999999
38400,753.8352,758.9815,1685.2479,875.0242000000001,1125.5196999999998
38500,661.983,738.1632999999999,1561.1471999999999,947.4389,1170.5478
38600,699.7195,830.0703000000001,1699.9482,983.972,1287.7179
38700,703.4187,785.6429,1792.3035,1046.4526,1211.8834000000002
38800,800.4218,763.6799,1764.9405,954.5148,1160.0128
38900,776.1573000000001,788.5696,1660.3338,920.8297,1328.2244999999998
39000,790.2496,871.7368,1967.7164999999998,1051.4962,1302.4195
39100,840.289,790.261,1731.8246,982.4269,1203.2227
39200,697.0368,769.3554,1689.4417,988.6687,1233.1656
39300,772.5086,739.0729,1705.7338,1092.514,1232.7912999999999
39400,702.2527,765.4153,1678.4723999999999,1130.7450999999999,1496.9318999999998
39500,707.1157000000001,841.8575000000001,1632.8855,974.5164,1134.3532
39600,710.2741,763.1436,2015.1029,1480.3182,1548.3232999999998
39700,702.8345,814.3799,1796.8815,1052.6323,1345.5363
39800,758.0423,817.9652,1909.4907,1085.7125,1280.5787
39900,736.0608,840.0600999999999,1889.4635,1004.0341999999999,1205.6133
40000,817.9303,873.3523,1746.5187,1042.9613,1200.5018
40100,736.6136,775.2751,2214.1975,1234.8071,1429.1606
40200,902.678,876.8566,1881.4522,1123.3575,1221.51
40300,873.7004000000001,896.9355,1930.5723,1117.2721000000001,1263.3746
40400,733.8819,813.7805999999999,1840.3928,1013.5545999999999,1274.2924
40500,759.0574,819.3202,1774.2563,1030.7858999999999,1181.1332000000002
40600,864.432,975.1438,2220.7693000000004,1024.8778,1220.0343
40700,779.8005999999999,1006.4655,3395.0312999999996,4979.013099999999,6068.263800000001
40800,3863.1515,3902.4153,8961.1109,5077.2882,6016.9493999999995
40900,3968.6856000000002,4102.7221,8408.102299999999,5188.1148,1543.2702
41000,836.1218,883.6304,1802.131,1011.1238000000001,1252.1649
41100,844.1372,874.7524,2215.6265,1487.6322,1266.037
41200,840.9596,870.7909999999999,1879.9996,1011.2665999999999,1264.1287000000002
41300,779.7612,900.1454,1745.727,1088.4278000000002,1299.146
41400,769.8222000000001,865.1359,1889.2877,1174.0328,1351.6683999999998
41500,847.6364,906.4892,1770.7598,1065.3475,1327.3674
41600,995.6187,995.753,1825.2264,1105.6605,1195.4226
41700,781.5785,861.4698,1865.7548,1065.7616,1271.6057
41800,789.9024000000001,844.2245,1835.9986,1075.8076999999998,1323.2232
41900,756.5847,913.6560999999999,2207.9881,1099.6333,1431.1856
42000,2052.006,4300.5507,1825.5772000000002,1046.7613000000001,1230.2073
42100,836.3773,870.3511000000001,1872.5901999999999,1079.5132999999998,1194.7546
42200,771.9027000000001,877.8544,1924.6557,1087.5169,1348.0114
42300,750.8018,812.9759,1791.6019,1084.4933,1337.8368
42400,747.0291,836.1512,1876.8422999999998,1041.5747,1263.0632
42500,863.8240999999999,1667.1521999999998,1999.0198,1153.9305,1313.5357999999999
42600,825.3288,889.7909000000001,1830.3158,1133.2275,1335.2447
42700,798.3685,858.4111,1932.1952,1095.2515,1344.7006999999999
42800,836.0364,1070.6186,2073.1807,1268.9254999999998,1292.7566
42900,834.7154,891.3685,1945.4057,1017.9035000000001,1312.4565000000002
43000,806.7241,898.6039000000001,1892.4573,1177.9207999999999,1384.4614
43100,798.7876,897.3232,1927.2184000000002,1312.0556,1334.4349
43200,804.5685,881.7161,1919.4762,1085.4452,1260.8436000000002
43300,774.6543,863.2015,1917.4101,1109.8783,1246.3395
43400,894.0238,998.2569,2024.3688,1143.8158,1345.3352
43500,803.2739,901.7541,1940.1041,1140.8168999999998,1278.2792
43600,836.6025000000001,897.9596,1921.2094,1104.2447,1315.185
43700,808.1764999999999,939.0211,1990.5566000000001,1093.2955,1404.7225
43800,817.2244,881.0858999999999,1990.2982,1178.4738,1314.5944
43900,941.5416,989.6744,6968.0581999999995,1785.3392999999999,1386.995
44000,856.5125999999999,935.3312999999999,2119.6887,1160.7262,1391.0037
44100,881.1456,903.7337,2195.5521,1185.3537000000001,1445.0061
44200,873.9222,937.9402,2015.2733999999998,1098.6299,1280.0039000000002
44300,863.3886,942.4816000000001,1963.5913,1136.6605000000002,1350.7407
44400,874.4034,917.1609,4684.4122,1196.1145,1458.6571
44500,924.1214,961.6296,2037.0512999999999,1220.4325000000001,1393.1234
44600,843.567,933.7746999999999,2070.0447999999997,1204.385,1427.2329
44700,935.101,1013.7081999999999,2244.0170999999996,1109.8025,1348.8772
44800,908.8319,924.2166000000001,2053.2929000000004,1184.1608999999999,1427.0374000000002
44900,868.1711,917.0233,2210.7446,1225.6129,1364.7883000000002
45000,1013.8729,1017.6316,2170.9820999999997,1074.1255999999998,1434.0547
45100,890.1348999999999,966.4893,2014.8499000000002,1159.0430000000001,1469.8992
45200,878.6902,925.0357,1922.8744,1153.9001,1356.6058
45300,871.9454,941.7178,2089.1959,1286.0745,1493.7567000000001
45400,888.2206,988.929,2198.0353,1240.692,1434.9542
45500,886.9019000000001,910.2076,2056.3743,1203.9354,1423.9060000000002
45600,896.8296,944.3287,2084.5992,1252.2769,1475.0542
45700,956.1373,945.2092,2018.7476000000001,1246.6644000000001,1475.1553
45800,907.0146,986.6967,2055.4058,1238.0088,1432.2893
45900,902.3809,954.1153,2077.1357,1209.9547,1394.1865
46000,922.1514,959.7134000000001,2036.657,1165.9371,1468.3071
46100,906.0549,1008.5143999999999,2182.1671,1242.7214,1488.3963
46200,1072.4402,990.6661,2282.6040000000003,1227.8228,1466.8162
46300,938.3164,984.1531,2087.3672,1273.9982,1483.6253
46400,900.1683,921.3407,2106.723,1243.8800999999999,1522.5654
46500,893.4608000000001,961.7567,2178.4867,1289.5052,1625.5313
46600,937.6292000000001,976.3165,2226.0203,1259.6767,1510.0071000000003
46700,905.9902,960.9825,2400.2069,1357.5135999999998,1912.7448
46800,1027.9748,1065.3292999999999,2513.5876000000003,1484.2436,1746.0255
46900,930.5209,1013.9925999999999,2305.2166,1284.6758,1563.8575
47000,900.6021,1017.8715000000001,2330.3500000000004,1430.1706000000001,1485.6462999999999
47100,1064.454,1147.1896,2330.5843,1196.9935999999998,1533.0387999999998
47200,934.8381999999999,1031.1544999999999,2227.1768,1323.4452,1803.3043
47300,996.6799,1125.2335,2533.9823,1464.9607,1522.464
47400,910.2514,1075.6013,2226.0762999999997,1274.9808,1517.0446
47500,956.8085,999.2883999999999,2119.4350000000004,1306.339,1426.3845
47600,933.4284,1009.5543,2315.1483000000003,1540.8113,1717.496
47700,921.2896000000001,990.4693,2296.8814,1284.643,1557.1713
47800,947.7176000000001,1018.5024000000001,2500.0952,1367.1379,1598.7021000000002
47900,933.1804999999999,1035.2623999999998,2596.5391000000004,1375.2148,1587.0842
48000,1144.8996,1229.7271999999998,2341.5648,1326.257,1630.7128
48100,950.1965,1027.4098000000001,2234.8759999999997,1298.8449,1498.3708
48200,1081.9031,1072.2203,2324.0709,1345.7703,1589.9944
48300,925.6037,1064.2981,2368.2159,1290.3165999999999,1593.852
48400,967.3224,1054.0492,2305.467,1317.3713,1640.057
48500,964.0359,1074.2518,2520.4494999999997,1600.8951,1773.2765000000002
48600,1133.8793,1084.7574,2353.8830000000003,1336.7159,1631.0654
48700,981.2096,1043.1677,2354.3315,1674.5457999999999,1746.0653000000002
48800,1066.7614,1083.6118999999999,2452.7999,1297.0365,1618.4144000000001
48900,987.3313999999999,1037.321,2325.9111,1342.0022999999999,1628.0478
49000,1008.2568000000001,1020.3208999999999,2291.0079,1396.9252999999999,1587.8115
49100,991.3571,1017.8794,2657.3845,1461.2407,1657.1592
49200,1176.2023,1207.5150999999998,2561.6865,1457.519,1763.9443999999999
49300,1072.3266,1113.5337000000002,2338.2548,1377.0373,1797.3972
49400,1028.2171,1100.1336,2324.3523,1402.6684,1637.3471
49500,998.0596,1063.9238,2366.6339000000003,1403.0895,1658.1267
49600,1038.8199,1023.2376999999999,2384.8845,1404.2511,1643.273
49700,999.73,1051.1071000000002,2451.9177,1416.3994,1617.8501999999999
49800,1021.8512,1061.3367,2635.1268,1455.4641,1629.7441999999999
49900,1023.7484999999999,1057.1015,2617.4291,1371.891,1589.8279
50000,1030.0028000000002,1107.1055999999999,2496.1444,1435.8249999999998,1614.3315
50100,1164.388,1459.5058000000001,2540.9671,1375.0575000000001,1710.7545
50200,1033.4661999999998,1098.1487000000002,2747.6389,1550.5276000000001,1688.7943
50300,1112.2799,1104.0006,2640.9965,1490.1643,2094.1393000000003
50400,1105.4823000000001,1112.1792,2692.8785,1586.0333,1797.9436
50500,1041.1526,1109.0731,2384.3703,1410.0005,1619.357
50600,1195.4255,1274.9551000000001,2543.9125000000004,1392.3262,1642.232
50700,1024.3149,1078.1607,2688.387,1414.6569,1765.5349999999999
50800,1081.3408,1104.0889,2497.9469,1424.7932999999998,1773.319
50900,1052.8934000000002,1185.4506000000001,2492.607,1457.6312,1737.8016
51000,1161.232,1266.3399,3179.1135,1748.4384,2029.9546
51100,1285.8417,1258.143,2605.7952,1528.7259,1685.182
51200,1165.4476,1192.3432,2600.1187,1562.8088,1800.1092
51300,1043.9982,1129.8104,2605.0177,1633.4704,1729.159
51400,1088.9076,1098.6185,2696.3540999999996,1618.3834,1970.1912
51500,1121.1477,1173.6971999999998,2883.0434,1786.2298999999998,2119.1661000000004
51600,1132.8411,1220.2367000000002,2655.202,1490.0937999999999,1900.2851
51700,1118.6735999999999,1149.0366000000001,2646.6927,1459.2342999999998,2044.4523000000002
51800,1405.1986000000002,1247.3890999999999,2594.9248000000002,1710.8082,1879.6048
51900,1184.8934,1155.9343,2732.5401,1548.7535,1845.518
52000,1169.105,1213.5381,2796.2983,1573.3789,1826.0415
52100,1285.4709,1290.1422,2869.5222999999996,1642.2060000000001,2050.4256
52200,1662.1867,5700.544199999999,12889.0137,7332.5808,8788.546999999999
52300,5470.2817000000005,5811.2855,10711.318800000001,1735.8361,1855.6146
52400,1308.2934,1942.1856,13170.7182,7733.3332,8976.1819
52500,5553.3073,5453.4047,12893.9422,3289.8828999999996,2002.5564
52600,1212.0769,1215.4271,3192.6021,1631.6307000000002,2621.1285000000003
52700,1109.6854,1279.2336,2698.141,1614.9304,1907.0943
52800,1129.0571,1147.5789,2937.5882,1555.8635000000002,1914.7505
52900,1240.5185999999999,1241.4271,2601.0493,1730.3453,2372.9177
53000,1348.4631,1182.8263,2599.4872,1571.8324,1978.4886
53100,1177.3987,1194.0157,2713.6844,1545.1519,1879.5581000000002
53200,1300.8681,1462.2635,2780.2321,1523.2703000000001,1762.6203999999998
53300,1099.4310999999998,1173.115,2887.3188999999998,1659.9537,2009.1157
53400,1156.3357999999998,1268.4958,2835.9608,1708.7762,1790.4750000000001
53500,1096.3832,1253.1362,2940.7994999999996,1625.0846000000001,1905.3729
53600,1114.7178,1183.8425,2665.8906,1641.632,1926.0912
53700,1241.205,1224.7781,2620.4515,1626.0894,2222.0398
53800,1310.2824,1261.7936,2788.4083,1572.4301999999998,1877.3303
53900,1468.3359,1493.9611,2951.1144,1631.3778000000002,2150.3108
54000,1123.0447,1247.3037,3013.4064,1734.2775000000001,2165.0153
54100,1418.6836,1371.1638,2976.0467999999996,1597.6768,1905.0218
54200,1282.4277,1336.5694,2663.2638,1604.4344,1875.847
54300,1337.001,1330.6958,3075.4663,1744.3392,1935.8911
54400,1281.4551000000001,1377.5011,2743.3685,1625.2143,2090.058
54500,1305.4718,1269.6418,2795.2125,1595.7867999999999,1861.7417
54600,1154.6625,1347.2384,2855.2974999999997,1649.0297,1910.5791000000002
54700,1351.5778,1631.4222,2987.8564,1569.039,2007.2117
54800,1232.6424,1321.8915,2959.2807,1714.3051,2045.2371
54900,1280.6849,1247.2176,3324.058,1685.4332,1932.1072
55000,1252.4468,1307.8239,2791.4941999999996,1654.7705,2014.8137
55100,1164.4773,1252.4524999999999,2845.8473,1810.1660000000002,1989.9145
55200,1171.982,1191.0513,3008.8807,1798.0887,1980.2258
55300,1251.8473000000001,1362.8374000000001,2886.341,1652.1707999999999,2026.6542
55400,1160.692,1329.4842,2963.2677,1690.8867,2074.05
55500,1200.8142,1271.3014,3508.6263999999996,1926.1739,2209.1151
55600,1239.5019,1346.6353,2942.1252,1731.9186,2016.2603
55700,1209.511,1264.3746,2940.3942,1687.8362,2261.6675
55800,1275.2545,1396.1026000000002,2908.6034999999997,1686.7561,2074.1885
55900,1337.8865,1450.3723,3108.6562,2214.6530000000002,2193.0942999999997
56000,1354.7282,1374.1991,3119.6627000000003,1887.0182,2137.7931000000003
56100,1492.6891,1396.4396,3095.2289,1980.4722,2561.9867
56200,1355.3327,1564.0121,3248.9713,1713.2827000000002,2162.9325000000003
56300,1411.7439,1490.9674,2899.4802,1723.3749999999998,1993.8470000000002
56400,1182.5879,1290.6741,3299.4653,1799.2698,2262.8486
56500,1450.7957000000001,1381.5726,3173.5682,1685.5855,1973.6053
56600,1261.1005,1371.0846000000001,2929.4231,1685.3965,1952.1222
56700,1193.7531999999999,1321.746,2899.8621,1762.3809,2183.0186
56800,1239.4062,1292.6146,3218.989,1749.2476,2138.8394000000003
56900,1200.7307,1331.0953,3095.0669,1739.7774,2135.5847
57000,1237.8838999999998,1324.4281,3152.8999,2066.1994,2407.047
57100,1416.8401,1547.3672000000001,3440.0575999999996,1813.6119,2107.5266
57200,1276.5392,1356.733,3133.4627,1761.0464000000002,2304.5334
57300,1228.7468,1328.286,3197.3365999999996,1939.2947000000001,2064.4599000000003
57400,1236.1411,1371.1422,3551.1449000000002,1779.3147999999999,2334.9834
57500,1382.4348,1508.6246999999998,3710.6997,1871.0862000000002,2218.496
57600,1308.3757,1466.48,3305.6299999999997,1762.6862999999998,2135.9633000000003
57700,1279.5936000000002,1343.893,3743.7768,1822.4510999999998,2315.6615
57800,1258.5333,1319.9017,3576.6665,2163.8206,2248.8637
57900,1298.0286999999998,1290.4986000000001,3006.729,1897.7986,2218.5294
58000,1427.2116,1461.5245,3122.4069,1945.6233,2158.098
58100,1658.5751,1738.9359,3274.6935000000003,1831.2686999999999,2067.8027
58200,1283.6578000000002,1368.6535,3433.3693,1882.4699,2242.8621
58300,1438.6131,1434.8185,3245.5292,1949.1158,2159.6095
58400,1274.6092,1340.5407999999998,3374.7731,2034.2747000000002,2159.6371
58500,1504.4388,1600.1968,3544.3602,2343.9171,2662.1544
58600,1270.8766,1316.8191,3574.8100000000004,1964.1123,2089.2439999999997
58700,1517.7079999999999,1440.6499,3146.3681,2014.4022000000002,2159.0661
58800,1350.6969,1403.6308,3317.3908,2068.6672000000003,2935.1331
58900,1563.3710999999998,1569.9198999999999,3101.0746,1844.5251,2202.4291
59000,1486.0896,1423.6587,3171.3541,1840.0906,2069.5434
59100,1966.9856000000002,1543.1146,3150.152,1822.3574999999998,2197.4176
59200,1622.8932,1979.2596,3449.6349,2222.0654,2558.0177
59300,1550.7167,1582.6074,3469.4048,1955.9805,2804.5341000000003
59400,1542.0036000000002,1713.6518,3143.1608,1795.2192,2171.1477
59500,1315.2371999999998,1572.1121999999998,3442.4804,1977.5064,2330.6193
59600,1378.2071,1520.7649999999999,3248.8575,1972.3762,2354.5033000000003
59700,1337.2442,1481.1186,3149.6679,1831.9605000000001,2131.7200000000003
59800,1516.9147,1393.8161,3316.9602999999997,1924.9596,2412.4533
59900,1721.4886000000001,1434.5475,3285.5816999999997,1950.0071,2189.5308999999997
60000,1405.4172999999998,1432.6110999999999,3289.6938,1880.08,2218.8648
60100,1596.7843,1686.3239,3932.1031,2124.8932,2404.7767000000003
60200,1410.3026,1447.0323,3630.8696999999997,1960.9696,2303.2887
60300,1599.3220999999999,1496.6244,3971.4822,2114.7030999999997,2392.6422000000002
60400,1399.0172,1474.3892999999998,3696.1423,2154.7537,2532.5969
60500,1493.4369000000002,1587.0297,3620.3336,2107.5062,2407.3084
60600,1516.9242000000002,1454.1446,3344.7692,2036.1210999999998,2516.9036
60700,1768.2128000000002,1750.6081,3401.5715,2172.8418,2616.2736
60800,1449.0896,1537.8220000000001,3797.9303,2110.2113,2673.6976
60900,1576.9686000000002,1789.9813,3757.1619,2404.0254999999997,2589.407
61000,1483.2237,1586.9974,3474.2676,2126.7952,2493.0497
61100,1425.9773,1451.0752,4132.2027,2318.0285,2247.4588
61200,1590.8068,1878.0478,17303.9757,9540.0527,11532.9534
61300,7329.416,7036.0957,3775.6910000000003,1999.6943,2679.8717
61400,1522.5201,1542.2867,3670.9230000000002,2180.7579,2480.7120999999997
61500,1456.4781,1612.4668,3644.3662999999997,2109.3944,2315.5852
61600,1569.8929,1575.8557,3419.4299,2551.6741,2728.0696
61700,1517.4549000000002,1455.0752,3818.0399,2115.1271,2399.8758000000003
61800,1567.6506,1856.3134,4303.7595,2351.6148000000003,2908.7107
61900,1556.045,1873.9216999999999,4513.0293,2577.9048,2535.1672
62000,1556.9009,1746.8691000000001,4337.3949999999995,2215.9661,2674.1220000000003
62100,1621.3688,1531.9384,3537.3355,1953.9838,2403.0282
62200,1452.3241,1504.6362,9206.8183,2062.7796,2385.5622
62300,1630.4412,1701.6333000000002,3602.7015,2340.3107,2591.0593
62400,1594.5048000000002,1544.7522000000001,3722.3985000000002,2052.1187,2316.5591
62500,1450.7092,1897.1069,3753.2634,2051.6009,2426.7837
62600,1675.6841,1771.0991000000001,3478.1564,1962.2707,2335.5227
62700,1463.1136,1591.0826,3822.5777000000003,2175.2959,2921.0566
62800,1668.2655,1524.5278,3568.5421,2105.2844,2397.2356
62900,1426.086,1519.2222,3512.4365,2045.1112,2597.6444
63000,1558.1064,1457.8219,4247.1394,2233.5005,2642.3822
63100,1530.722,1745.3651,3661.5136,2252.629,2440.2552
63200,1441.0031000000001,1509.0914,4003.8403000000003,3174.484,3253.1239
63300,1499.898,1459.8388,3832.5071,2477.2386,2512.2113
63400,1416.7714,1634.5800000000002,3959.4145,2475.2790999999997,3121.9508
63500,1467.4883,1491.0399,4207.4888,2168.6733,2622.286
63600,2090.9215,1858.1311999999998,4597.9906,2721.6827000000003,3035.226
63700,1803.7706,1572.6513,3979.335,2657.7381,2697.9148
63800,1568.9581,1545.9683,4149.0728,2310.3904,2805.6261
63900,1639.6915000000001,1740.1872,3969.0216,2158.6789,2632.0053
64000,1537.951,1900.7713,6119.7004,10220.724600000001,12304.756599999999
64100,7643.8751,7794.9535000000005,18190.2219,6534.5072,2739.6082
64200,1528.7758000000001,1810.9044999999999,5225.0173,2501.4026,2814.7326000000003
64300,1490.8346999999999,1662.5575000000001,3713.6675,2365.3563000000004,2688.5690000000004
64400,1671.4684,1665.2841999999998,3389.1341,2043.164,2453.7605
64500,1448.5501000000002,1862.4765,4143.1078,2473.4206,2616.8106
64600,1698.2114,1768.7728,4342.0624,7169.7116000000005,3188.5476000000003
64700,1582.2118999999998,1642.039,3998.4543000000003,2446.0481,2834.4554999999996
64800,1588.1902,1606.6547,3698.6115,2185.0257,2447.7711
64900,1510.8923,1738.0635,4012.9887999999996,2237.2740000000003,2594.3926
65000,1579.6118999999999,1655.6101999999998,3785.2945,2269.4258999999997,2969.7559
65100,1804.7415999999998,1699.5529999999999,4126.9391000000005,2195.9844999999996,2565.1238
65200,1745.5809,1896.4094,4315.8924,2317.872,2581.0499
65300,1629.1755,1804.6552,3770.5812,2625.2664999999997,2545.0207
65400,1628.7067,1676.6788999999999,4236.1098,2580.5649000000003,2723.4458999999997
65500,1625.4311000000002,1651.0444,3749.9449999999997,2190.2309,2720.8761
65600,1635.3693,1680.2069,4048.2807000000003,2294.4285,2607.8375
65700,1635.3908000000001,1714.0423999999998,3870.4579,2220.4096,2568.8348
65800,1553.5963000000002,1625.4054,4141.231699999999,2396.8575,2641.2346
65900,1561.5198,1707.2682000000002,3870.4386,2221.6927,2474.7849
66000,1553.4725,1601.6251000000002,3894.891,2302.4075000000003,2727.8992999999996
66100,1633.4077,1953.6963,4456.5101,2361.1065999999996,2918.868
66200,1791.3515,1916.4505,3904.6789,2325.9118,2693.9923000000003
66300,1608.7196999999999,1631.1281,3919.4425,2313.0283999999997,2586.5975
66400,1619.9200999999998,1601.9687999999999,3922.6758,2240.5107000000003,2703.9174
66500,1569.5437000000002,1659.8156,4127.9352,2357.0767,2566.4730000000004
66600,1578.3944000000001,1722.0343,3877.3313,2323.6061,2639.9955999999997
66700,1584.9895000000001,1616.9416999999999,3798.4288,2162.0128,2755.0473
66800,1569.2826,1730.224,3833.2338,2271.9294,2630.6086999999998
66900,1574.0351,1674.8382,4175.9378,2378.6956,2621.7742
67000,1605.7267,1726.908,3941.9006,2254.8466,2571.8649
67100,1601.5264,1803.0696000000003,4076.8687999999997,2374.1872000000003,2749.123
67200,1720.3405,1761.285,3921.8294,2505.3363,2553.4620999999997
67300,1619.3387000000002,1705.9453,4177.0549,2393.8648000000003,2669.1798000000003
67400,1646.4357,1715.4723000000001,3963.6654,2417.709,2691.3585
67500,1656.2203,1667.378,3871.3332,2188.2774,2845.6663
67600,1809.8437999999999,1799.0198,4239.1461,2487.8882999999996,2929.1334
67700,1754.6287,1784.1412,4048.8572999999997,2331.7940999999996,2960.2428999999997
67800,1711.0708,1792.7801,4044.2631,2431.4304,2797.5347
67900,1602.6253000000002,1691.6811,3809.2518,2353.7922999999996,2818.6388
68000,1908.6443,1911.4667000000002,4453.5683,2704.7048999999997,2873.7215
68100,1629.7239000000002,1709.664,4145.2137999999995,2479.9248000000002,2759.2194
68200,1662.2724,1735.2251999999999,3976.7559,2387.4404999999997,2805.3351
68300,1593.2327,1792.3108000000002,3970.5323,2307.0101,2728.6866999999997
68400,1813.4337,1844.8703,4352.9135,2522.4785,2795.2473
68500,1717.0551999999998,1887.2173,4373.1186,2654.0924999999997,3403.6767
68600,1826.0775,2002.9993,4509.4402,2750.1707,3348.4562
68700,1746.8155,1929.4842,4186.8508999999995,2443.3621,2817.5537
68800,1743.2842,1886.4766,4213.6009,2501.5445999999997,3160.7573
68900,1806.7368999999999,1909.0831,4151.3798,2400.7067,2829.9483
69000,1704.9897,1799.4208999999998,4484.6442,2407.7081,2880.8407
69100,1652.5227999999997,1811.2519,4112.8255,2505.7439,2882.1787
69200,1644.9986000000001,1956.8645999999999,4139.318399999999,2663.4112999999998,2761.7932
69300,1666.1667,1807.0492,4143.1807,2520.9394,3075.2571
69400,1710.7644,1737.5374,4116.2193,2521.8043,2887.1117000000004
69500,1676.8304999999998,1747.8735,4179.2472,2491.6349,2881.8707
69600,1677.109,1811.2796,4314.4958,2537.364,2762.3014000000003
69700,1736.1248,1890.7712999999999,4089.3591999999994,2453.1295,2782.8245
69800,1700.875,1761.6833000000001,4266.714,2524.0508999999997,2896.0613
69900,1720.3965,1789.7341,4142.4043,2545.5112,2917.7388
70000,1703.8204,1784.0996,4120.564,2353.3195,2746.7353000000003
70100,1685.9046,1781.6983,4081.8478000000005,2505.57,2733.2966
70200,1725.7354999999998,1860.669,4168.318700000001,2498.5605,2749.7171
70300,1802.8862000000001,1981.3863999999999,4914.3503,2769.6728999999996,3162.7302
70400,2011.6923,2019.5180000000003,5094.2828,2771.1081000000004,3220.8334
70500,1977.9494,2022.2126999999998,4482.157499999999,2785.2137,3253.1453
70600,1974.5260999999998,2082.9933,4281.4124,2690.7096,2982.7924000000003
70700,1734.7079999999999,1800.2359999999999,4248.4951,2445.8257,2901.3837000000003
70800,1728.3162,1850.781,4388.102,2470.3824999999997,2881.5643
70900,1712.3683,1779.2954,4271.2132,2556.5423,3023.7856
71000,1815.8750000000002,1841.3062999999997,4398.375599999999,2712.379,3335.2387000000003
71100,1731.2738,1897.3028,4309.0241000000005,2418.3031,2961.1291
71200,1736.5796,1877.2549000000001,4244.2715,2592.5292,2858.5641
71300,1740.1073000000001,1795.8124,4330.571199999999,2653.5222000000003,3088.5211
71400,1729.1783,1846.8951,4479.6423,2487.2557,2731.4894
71500,1796.4750000000001,1832.1357,4461.0506000000005,2533.4505,3026.4827
71600,1740.1304,1830.9321,4452.4778,2507.7194,2753.2412000000004
71700,1857.5062,2101.1936,3739.8338,2051.0842000000002,2148.8883
71800,1784.5967,1745.077,3529.7893999999997,1858.6799,2055.8695
71900,1836.2948000000001,1881.2894999999999,4842.6941,2819.832,2922.9570000000003
72000,1814.6389000000001,1971.2822999999999,4340.0804,2563.2194999999997,3127.876
72100,1790.2442,1876.6131,4478.4965999999995,2653.9428000000003,3043.643
72200,1798.5345000000002,1925.969,4369.1129,2810.9345000000003,3074.5425
72300,1860.0037,1854.2841,4436.7375999999995,2567.7210999999998,2839.9296999999997
72400,1756.2266,1850.1737999999998,4253.9812,2720.3068999999996,2974.5081999999998
72500,1847.9894,1928.0785,4513.7218,2733.2381,3158.9496
72600,1736.7187,1944.6495000000002,4550.139999999999,2610.1464,3089.915
72700,1730.5855000000001,1889.3527,4569.3937,2733.4652,3406.1882
72800,1850.4274999999998,1991.2361999999998,4556.296200000001,2658.8231,2968.2976
72900,1875.738,1891.9196,4346.8828,2708.5708999999997,3002.585
73000,1982.1398000000002,1984.3154,4439.2705000000005,2756.2736,3096.7133000000003
73100,2073.4919999999997,2131.3746,5004.1431999999995,2805.9478000000004,3055.9454
73200,1771.8705,1917.4046,4597.85,2783.8756,3080.6301
73300,1844.3966,1942.7401,4544.1008,2658.1671,2930.4755999999998
73400,1885.95,1932.0937000000001,4581.1236,2784.0848,3250.7242
73500,1848.7575000000002,2016.3181,4595.5917,2720.578,3202.2433
73600,1861.0399,1941.5904,4652.589199999999,2804.8707,3032.8158
73700,1825.2244,1965.0636000000002,4802.2099,2730.8438,3332.9240000000004
73800,1878.7258,2041.3556,4602.274399999999,2751.9998,3082.0795
73900,1827.6176,1986.9794000000002,4584.7544,2740.6486999999997,3246.1248
74000,2049.4868,1996.8097999999998,4749.5965,2752.8145,3228.4447
74100,1913.2142000000001,2165.7428,4820.934700000001,2807.3075,3265.377
74200,1905.5194,1914.0868,4524.513,2816.9589,3222.4325
74300,1902.3873999999998,1935.5094,4673.4667,2697.79,3222.8598
74400,1903.9470999999999,1957.9344999999998,4663.6638,2894.4923,3152.5899
74500,1849.4880999999998,2016.7462,4715.2928,2818.7670000000003,3187.9767
74600,1858.5313999999998,2053.0436,4718.324,2810.9278,3167.9417000000003
74700,1916.5112,1906.9232,4593.6191,2806.5549,3189.2637
74800,1905.8125000000002,1974.48,4527.331099999999,2839.7923,3176.3719
74900,1801.7646,1929.3071,4645.3223,2839.2873999999997,3361.4305
75000,1886.7571,2009.9841000000001,4715.1506,2888.9208000000003,3159.2639
75100,2451.4777,2169.8003,4743.2078,2706.7842,3351.1255
75200,2061.455,2180.5026000000003,5520.108300000001,3010.3581,3393.6378999999997
75300,2022.1825,2141.7315000000003,4736.0734999999995,2836.3026,3266.5031999999997
75400,1936.4586,2065.7907999999998,5307.3333,2798.5485,3382.4302
75500,1979.6947999999998,2234.773,4881.0868,3116.3363,4016.0851
75600,2294.4589,2389.7385999999997,5012.7496,3367.1924999999997,3683.1883
75700,2106.8897,2218.4046999999996,5345.0015,2939.1788,3323.2048
75800,2234.6525,2209.5631,5050.1276,3960.1168,3431.9984
75900,2215.8181,2399.848,5180.0241,3070.0135999999998,4252.8805
76000,2278.4931,2130.6650999999997,5612.817,3141.4977,3639.5657
76100,2386.2266,2242.4697,5785.8463,3159.9592,3800.6034
76200,9828.7433,9825.6507,24272.4297,14651.2407,4501.531
76300,2193.8052,2409.9777,6292.1661,3138.0757,3362.3363
76400,2027.7051,2048.9916,5924.6345,3049.3274,3167.5757999999996
76500,2502.0015999999996,2927.4273,5562.1756,3302.098,3820.4551
76600,2189.6375,2226.1039,10739.0611,2981.4275000000002,3672.7755
76700,2053.5964,2132.9108,5490.7778,3240.2056,3660.0910999999996
76800,2153.0562999999997,2245.3099,6298.703299999999,3232.8629,3411.9772
76900,2153.2996,2290.4383,5590.2558,3272.1621,3339.9576
77000,2023.6421,2125.8962,5854.8928,3367.0865,3497.9736
77100,2023.7937000000002,2157.6236,5017.2791,2972.7091,3652.7687
77200,2155.4647,2398.6524,5150.2781,3023.0173,3494.8549
77300,2130.2342,2359.9413,5273.9849,3182.2574,3666.7614
77400,2125.5256999999997,2210.607,5232.1649,3200.5665,3323.1488000000004
77500,2142.5936,2213.3942,5475.4056,3637.365,3780.2442
77600,2428.3194,2454.8747999999996,5877.4394,3432.9309000000003,3673.2749999999996
77700,2260.9972,2191.6527,5324.059700000001,3242.0564999999997,3977.2864
77800,2040.8391,2186.8613,4911.5835,3071.4252,3507.7014000000004
77900,2077.6525,2142.2155,4940.6244,3024.1394999999998,3317.0054
78000,2285.6941,2328.2824,5579.6088,3570.3842999999997,3565.1048
78100,2013.4256000000003,2096.3837,4866.3682,3062.6102,3538.9985
78200,10396.579,10619.3776,16094.468200000001,3325.4478,4238.9236
78300,2220.8983,3197.4002,6036.292600000001,3685.4741,4507.5464
78400,2484.7013,2985.0153,5527.5958,4074.3821999999996,3845.6939
78500,2358.6925,2397.8466,5123.9939,3215.0303999999996,4007.2989999999995
78600,7225.588100000001,2199.1214999999997,5375.1919,3359.6918,3846.9813
78700,2046.061,2199.2289,5059.8387,3096.0268,10572.3018
78800,2116.2914,2429.8799,5079.1131,3167.7286000000004,3628.0492
78900,5414.847199999999,5167.6425,5217.3768,3059.2619,3604.7457
79000,2082.0158,2378.2191,5383.5711,3214.5133,3614.0224000000003
79100,2098.3065,2310.3588999999997,5445.1798,3196.3828,3584.8300000000004
79200,2065.5089000000003,2278.3460999999998,5114.588900000001,3110.9721,4147.5086
79300,2283.4806,2483.6497,5512.850399999999,3382.6907,3800.5697999999998
79400,2141.0434,2639.0922,5531.9185,3762.823,4107.1795
79500,2340.5944999999997,2263.1740000000004,5497.3578,3506.2590999999998,3811.7196
79600,2138.7379,2178.3565,5282.3061,3195.3284000000003,3662.3343999999997
79700,2334.8111999999996,2405.9032,5487.4572,3597.2398000000003,3802.7235
79800,2260.3851,2415.2032,5198.347400000001,3119.4292,3634.2053
79900,7478.9484999999995,3463.0247999999997,5485.316,3251.0182,3733.1478
80000,2225.9757000000004,2419.6729,5349.383699999999,3194.8554,3657.9169
80100,2570.5733999999998,2776.4072,5259.3421,3116.6164,3639.4211
80200,2170.0184999999997,2258.9538000000002,5288.86,3577.4053,3699.0157999999997
80300,2461.0371,2326.5559,5264.3191,3145.9192,4010.7112
80400,2118.6324999999997,2348.2782,5259.240400000001,3319.7922000000003,3708.8793
80500,2135.4798,2243.7343,5284.9911,3193.2001,3589.0063
80600,2394.9804,2242.2275,5440.7569,3223.7153,3710.9863
80700,2114.1818,2248.7723,5366.532099999999,3330.703,3648.5688999999998
80800,2156.2839999999997,2339.19,5224.804,3130.9283,3440.7871999999998
80900,2137.1036,2257.7272000000003,5345.4914,3288.7238,3558.92
81000,2163.7625,2268.7787999999996,5285.0025,3293.5587,3791.5254000000004
81100,2405.8604,2394.8073,5611.7321,3230.1316,3785.5932000000003
81200,2127.6163,2419.3093,5801.243600000001,3243.478,3345.6576
81300,2868.7287,2630.8594,5285.4025,3472.857,4075.172
81400,2264.9386,2345.7117,5508.5069,3590.6319,3726.4201
81500,2164.1454,2256.8405000000002,5675.916,3148.173,3864.2385
81600,2379.6796000000004,2391.5836,5528.0784,3339.9917,4252.7206
81700,2181.0304,2393.8179,6772.7564999999995,3427.5625,3833.038
81800,2181.7414,2690.4864000000002,5694.7583,4022.6902999999998,4057.9638999999997
81900,2458.4815999999996,2536.2651,6094.7271,3888.0149,4339.0602
82000,2437.7699000000002,2492.2187,5708.5405,3634.9106,4691.5706
82100,2283.7936999999997,2801.5474999999997,6053.711899999999,3453.1403,4272.9158
82200,2492.4407,2673.9638,6078.282,5802.4181,18345.300300000003
82300,11335.0978,11253.2723,15204.1855,3694.9539,4537.3446
82400,3002.944,2495.4894,6586.369000000001,4251.3278,4863.9295
82500,2928.1176,2727.268,6871.7486,3631.5621,4076.2973999999995
82600,2312.9594,2416.9695,5770.3562,9026.1733,3860.9783
82700,2461.6622,2560.3292,6104.430200000001,3433.7221,3851.2993
82800,2621.658,2993.827,20589.4273,17102.4094,19084.8547
82900,11584.2865,11309.4395,5958.1571,3615.0254,4361.3234
83000,2422.4795,2503.3248000000003,5882.7739,3618.4551,4502.314
83100,2209.3686,2391.2713,5836.7162,3797.5403,3925.1277
83200,2283.6499,2469.31,11869.6456,3562.1214,4189.120800000001
83300,2399.8095,2552.9835,5819.6218,3418.5819,4193.1697
83400,2413.5017,2741.8662,5839.0307999999995,3463.5686,3964.1336
83500,2317.6306000000004,2430.282,5987.164400000001,3366.7924,3995.0252
83600,2337.786,2452.6938,6014.776699999999,3609.3648,4138.1321
83700,2259.2826999999997,2415.8810000000003,6240.2119999999995,3743.8715,4001.0462
83800,2276.9898,2336.9168999999997,5551.7281,3510.1759,4093.0359999999996
83900,2375.3679,2374.7787000000003,5642.1767,3421.1825,3908.2662
84000,2396.6269,2438.9561,5572.0902,3359.1636,3967.6814
84100,2270.9813,2607.0194,5683.0291,3494.4212,3751.4276
84200,2340.6037,2402.8457,5536.723999999999,3546.0714,4019.4102999999996
84300,2269.7351000000003,2604.8131,5814.3076,3381.0256,3976.5056
84400,2343.2061000000003,2492.5265,6065.5106,3914.0227,4687.4665
84500,2704.4367,2680.7855,6819.8423999999995,4080.6366000000003,4870.8009
84600,2904.5117,8424.123,28652.5392,17200.576,9065.8834
84700,2697.2486,3034.5776,6796.1774000000005,4256.2255000000005,4860.5413
84800,2991.2966,3078.3205,6137.0178,4527.1402,4138.6759
84900,2557.8615999999997,2630.2554000000005,5793.0728,3925.2343,9620.3908
85000,2354.7102,2525.1858,6184.4845,3737.0434999999998,4156.4185
85100,2308.4064999999996,2598.6897,12815.0995,3855.1576,4118.3681
85200,2618.6501,2899.0369,6136.1486,4329.7097,4231.823399999999
85300,6985.4569,12073.418800000001,29226.2115,12502.7333,4247.4969
85400,2627.8019,3153.1664,6248.7874,3734.4611,4133.9736
85500,2493.299,3231.6371,5492.120800000001,3497.3591,4768.977900000001
85600,2621.0057,2837.7007,6458.9042,4001.1974999999998,10058.777
85700,2481.8706,2845.6794,6514.6971,3684.5311,4087.0395999999996
85800,2397.8524,2536.8974,13131.681499999999,3873.2847,4222.3044
85900,2455.5209,2786.4278000000004,6271.7587,3693.8102000000003,4454.332
86000,2587.9455,2605.5658,6274.4936,3812.3715,4561.658600000001
86100,2813.0799,2668.4456999999998,28502.2706,18516.14,20857.5387
86200,5471.3322,2634.6438000000003,6875.124900000001,3885.8478999999998,4356.9198
86300,2553.3826,2575.8113,6535.9124,3885.7287,4886.0114
86400,2670.3390000000004,2657.4617,6199.4935,3713.8356,4309.8368
86500,2736.8136999999997,6222.7495,6096.5494,3822.9867,4328.4446
86600,2777.8450000000003,2694.3162,6382.2964999999995,10589.1048,4256.261399999999
86700,2601.6767999999997,2586.2093,6256.6367,4058.5619,4500.9168
86800,2502.8772,2586.4775,6392.8608,4054.7981,4442.5868
86900,2555.2678,2694.911,6700.4773000000005,3798.0955,4204.6868
87000,2446.4874,2786.2816000000003,6290.347599999999,4241.6127,4707.790400000001
87100,2719.2052000000003,2627.5513,5995.6415,3999.7014000000004,4369.3623
87200,2464.5703000000003,2667.6938999999998,6358.5994,3965.1211000000003,4184.1508
87300,2451.0611,2585.4555,6636.347299999999,3859.3076,4754.5770999999995
87400,2488.7323,2626.751,6678.8141000000005,4218.966799999999,4304.3433
87500,2477.7086,2604.6115,6037.4220000000005,3760.977,4520.2706
87600,3202.4485,3086.6259999999997,6399.1966,4008.3642,4604.8336
87700,2681.3232,2940.7902999999997,6464.0896999999995,3965.9955,4275.4287
87800,2602.5087,2486.3957,6606.6878,4103.3441,4370.553
87900,2452.8856,2699.7408,5958.7342,3878.6465,4872.3421
88000,2938.3639000000003,2617.7331,6492.1375,3720.2317000000003,4200.977800000001
88100,2779.6679,2932.9371,6665.2052,4151.6167,4726.9256
88200,2827.1009,3209.7824,6806.5946,3825.8046,4647.0317000000005
88300,3083.985,2965.8093,6956.2913,4186.6512,5143.8949999999995
88400,2901.7061000000003,3365.619,6926.6514,17393.2252,21809.9012
88500,12526.660899999999,12634.1465,6679.443,4238.262,5591.4986
88600,3208.7177,3084.4195999999997,7896.1315,4954.0609,4852.786
88700,2572.7286,3491.5609,6719.204900000001,3776.4248000000002,4345.313499999999
88800,2719.4302000000002,6196.4286,6726.9498,4027.9410999999996,4891.4035
88900,2522.9744,2765.0107,11787.501,3822.2632,4568.588400000001
89000,2581.1128,3103.5993999999996,6218.656099999999,3862.2423000000003,4374.6195
89100,2589.1935999999996,2825.0226000000002,6821.4864,4170.7767,4514.058
89200,3270.3049,3559.8079000000002,6412.9711,3913.1791,4584.3957
89300,2932.9619,8103.486099999999,7006.9236,4196.7507,4879.906199999999
89400,2471.3656,2625.3062,6300.7396,11043.7808,4700.6346
89500,2506.3217,2594.6870999999996,9367.6489,4057.4279000000006,4678.101500000001
89600,2576.0096,2760.5548,6920.0762,3919.302,4462.0983
89700,2612.6459999999997,2855.6218,6313.1525,3939.3228000000004,4405.9973
89800,2691.3504000000003,2931.7767999999996,7381.5063,4449.5077,5177.0273
89900,2896.8091,3069.2599,6836.551100000001,4334.4809,4423.0343
90000,2647.5885,2712.5482,10224.4947,4378.7408000000005,4595.0234
90100,2886.2048,2819.7684999999997,6314.7303,3856.3799,11579.9956
90200,2581.2989000000002,2774.35,6240.8838,11059.1312,4936.6815
90300,2668.6281,2699.2876,7267.599200000001,9530.4515,4667.7927
90400,2700.4359,2804.6787000000004,6686.408,3866.3772,4476.918000000001
90500,2553.9784999999997,4902.229700000001,6799.473800000001,3908.6583,4563.4753
90600,2751.8243,2788.8723,6430.2276999999995,4071.2745000000004,4674.5798
90700,2999.7463,3068.292,6726.5561,4098.4011,4800.5118
90800,2932.9907999999996,4074.0391000000004,6784.2891,4786.487700000001,4895.011399999999
90900,2611.3543,3009.2737,7403.8711,4274.7199,5092.225799999999
91000,3510.4261,3498.7976,7302.3509,4401.8264,5411.5571
91100,2830.6835,2816.0778,7399.0974,4587.9776,5087.8031
91200,2715.8294,2744.2859,20052.4518,19737.2604,22341.761300000002
91300,13199.297,8396.2045,8568.6603,4830.4682999999995,4694.0957
91400,2899.6845000000003,2691.8641000000002,7275.4779,4452.419,5434.9127
91500,2643.7131000000004,2998.8590999999997,6559.909799999999,4153.9409000000005,5530.0892
91600,5076.9586,2979.7400000000002,7226.1501,4274.8691,4420.6215
91700,2857.1346000000003,2965.7259,10168.3668,4293.467500000001,4591.8608
91800,2696.6717999999996,2914.6236,6902.385899999999,4224.5117,4989.4353
91900,3150.6859,3065.5958,7311.9263,4037.3877,4874.363899999999
92000,2621.1452,2873.1692,6720.597299999999,4077.5715999999998,4528.684
92100,2622.9464,2804.7551,6817.8244,4330.3919000000005,4857.887
92200,2682.9349,2789.8051,6766.597199999999,4092.1417,4628.5518
92300,2705.0768000000003,2814.5245,6723.123100000001,4040.6711,4489.643
92400,2838.6836999999996,2956.6604,6712.2375999999995,4075.3840999999998,4704.043900000001
92500,2701.4239,2733.5086,6842.5931,4156.2914,4600.768999999999
92600,2706.6127,2838.0577000000003,6672.0099,4169.1336,4576.4213
92700,2728.1356,2821.9602,6722.2729,3605.753,3398.0432
92800,2760.0858000000003,2908.4177000000004,6703.4325,4068.1190999999994,4649.6157
92900,2713.625,2706.2511000000004,6725.4888,4162.6544,4187.7567
93000,2713.1955,2895.7677,6518.9011,4193.2905,4702.4564
93100,2650.8686,2800.8293000000003,6986.8025,3873.8777999999998,4107.377299999999
93200,2824.5762999999997,2906.2291999999998,5718.3866,2981.3169999999996,3036.3336
93300,2803.3936000000003,3066.7230999999997,5325.7519999999995,2781.2594000000004,3027.683
93400,2782.9637,2923.2433,5869.9436,3257.1905,3486.539
93500,2817.4006,2588.1761,4635.339,2608.4577,3363.2165
93600,2870.2016000000003,2654.3343,4852.7456,2620.9042999999997,2863.9587
93700,2887.5292999999997,2592.3026,4798.6379,2598.3215,3467.567
93800,3599.0568,3530.1733999999997,7348.1235,4465.5449,5022.8022
93900,2940.5057,2958.043,6816.9565,4318.7084,4661.5627
94000,2794.9761999999996,2833.9344,6956.4996,4099.5409,4781.968
94100,2947.751,3028.6628,8244.201000000001,4300.2686,4979.8578
94200,3092.4332,2849.6285000000003,7595.8005,4376.5016000000005,4771.2873
94300,3196.025,3097.4451,7703.8571999999995,4557.3602,5420.402
94400,2760.3821000000003,3076.0598,7418.5354,4420.8666,5426.8884
94500,3098.3291,3320.9175,7933.5422,6202.4169999999995,23699.2787
94600,14227.7777,14171.792,7400.2018,4564.58,5841.949299999999
94700,3553.7811,3419.7931000000003,8939.087000000001,4990.0092,4872.4368
94800,3621.2958999999996,3004.2732,7153.155299999999,4430.7156,6728.5839000000005
94900,4216.6701,2951.134,7541.252,4286.1095000000005,4726.833
95000,2799.3497,2831.4001,7612.5384,4502.0597,5278.6091
95100,2837.9118000000003,3148.5528999999997,7099.9177,4447.375,5496.6965
95200,2987.3543,3004.9069,6851.9,4407.404399999999,4750.670300000001
95300,3046.4726,3246.5831,7573.0407,4838.8094,4839.3414999999995
95400,2812.5812,2838.0838000000003,7019.9537,4631.0352,5194.1352
95500,3267.0939,3000.7478,6939.385200000001,4655.8499,5053.6251999999995
95600,2838.7364000000002,2977.0699999999997,7089.3334,4430.8579,4887.2162
95700,2859.489,2920.7098,7208.9295,4310.8166,4960.1737
95800,2831.9087999999997,3024.7825000000003,7201.3616,4474.6096,4848.1391
95900,2840.6286,2851.8922,7340.148700000001,4585.6931,5008.269
96000,2815.2522,2789.4096,6973.759400000001,4390.6421,5191.2794
96100,2875.2366,2957.1367,6962.246300000001,4421.3202,4976.8396
96200,2841.1008,2904.5443999999998,7250.185,4479.54,5048.6453
96300,2869.9449,2937.6155000000003,7090.9626,4317.2135,4875.3336
96400,3107.2289,2751.7526000000003,5151.6251,2679.7211,3724.288
96500,2890.844,2961.4854,7466.268300000001,4514.405199999999,4997.6062
96600,2815.9561000000003,3001.1398,6702.33,3464.6926000000003,3388.6279999999997
96700,2876.2051,3070.6002,7374.793900000001,4460.2474,4549.6579
96800,2942.5792,3024.2681000000002,7356.4957,4565.3023,4407.3135
96900,3084.0363,3275.0805,7586.2631,4621.7645999999995,5108.541899999999
97000,2931.5555,3094.5781,7263.7073,4475.0453,5722.939399999999
97100,3177.3292,3074.3876999999998,7360.358200000001,4453.0872,5255.1205
97200,3706.7797,3392.5163000000002,7535.344,4454.1064,5079.201300000001
97300,3371.1178999999997,3297.8779,7895.5374,5106.188300000001,5882.7972
97400,3048.2935,3138.1898,8366.4366,4851.7915,5473.5054
97500,3306.6241999999997,3297.0362999999998,8108.5612,5384.506,5793.1906
97600,4858.6257000000005,18950.5481,31311.730399999997,4972.3388,5555.9114
97700,3038.4123,3011.6227000000003,8097.594300000001,5274.637000000001,5423.869
97800,2988.0496000000003,3092.2054000000003,7669.380099999999,4849.824500000001,5215.6703
97900,3069.505,3290.6563,8415.0396,4798.1013,5837.054
98000,3008.7430999999997,3101.1156,8146.6796,5103.525799999999,5706.1753
98100,3067.3131,3202.4477,8528.7881,10326.909300000001,25005.6373
98200,14975.2487,14999.0251,7935.5939,5255.9503,5685.8718
98300,3314.1259999999997,3661.8339,7819.211700000001,4832.3389,5391.317499999999
98400,3182.5701999999997,3265.6544,8160.226,4762.0226,5253.1267
98500,3314.1973,3304.0276999999996,7256.9165,4455.575,5338.337799999999
98600,3006.5334,3118.2628,7525.4703,4897.3028,5401.8536
98700,3057.4522,3114.8448000000003,8527.863,4628.6669,5469.9474
98800,3171.8408999999997,2932.2077000000004,7560.4617,5044.7968,5799.6179999999995
98900,3397.5049999999997,3432.3163,7995.0095,4690.5918,6011.8679
99000,3259.3236,3213.8864,7985.839999999999,5409.6154,5515.2773
99100,3998.4942,3188.8915,8367.3701,5112.2043,5883.4764000000005
99200,3329.9561,3668.2346,9004.817299999999,5404.6891,22782.9945
99300,2979.4932,3127.8212,7936.4861,4949.1531,5159.6683
99400,3050.821,3043.9413000000004,7768.611800000001,5804.377600000001,5473.3519
99500,3025.1306,3263.8411,7669.3731,5960.2554,5655.5815
99600,3539.9248000000002,3338.0108,8457.1276,5013.2303,5830.8297
99700,3255.4224,3942.7479000000003,8151.990599999999,4739.7128999999995,5532.3043
99800,3317.2637,3825.607,13831.7972,23049.846899999997,26589.965
99900,15311.325,7341.9375,9387.7381,5499.5907,6338.098000000001
100000,3474.7587,3924.9773999999998,8601.5987,5077.8313,5668.179
